Ndex,MS,Pokémon,Type,Type.1,pokemon
#460,,Abomasnow,Grass,Ice,abomasnow
#063,,Abra,Psychic,Psychic,abra
#359,,Absol,Dark,Dark,absol
#617,,Accelgor,Bug,Bug,accelgor
#681,,Aegislash,Steel,Ghost,aegislash
#142,,Aerodactyl,Rock,Flying,aerodactyl
#306,,Aggron,Steel,Rock,aggron
#190,,Aipom,Normal,Normal,aipom
#065,,Alakazam,Psychic,Psychic,alakazam
#869,,Alcremie,Fairy,Fairy,alcremie
#594,,Alomomola,Water,Water,alomomola
#334,,Altaria,Dragon,Flying,altaria
#698,,Amaura,Rock,Ice,amaura
#424,,Ambipom,Normal,Normal,ambipom
#591,,Amoonguss,Grass,Poison,amoonguss
#181,,Ampharos,Electric,Electric,ampharos
#347,,Anorith,Rock,Bug,anorith
#842,,Appletun,Grass,Dragon,appletun
#840,,Applin,Grass,Dragon,applin
#752,,Araquanid,Water,Bug,araquanid
#024,,Arbok,Poison,Poison,arbok
#059,,Arcanine,Fire,Fire,arcanine
#493,,Arceus,Normal,Normal,arceus
#566,,Archen,Rock,Flying,archen
#567,,Archeops,Rock,Flying,archeops
#883,,Arctovish,Water,Ice,arctovish
#881,,Arctozolt,Electric,Ice,arctozolt
#168,,Ariados,Bug,Poison,ariados
#348,,Armaldo,Rock,Bug,armaldo
#683,,Aromatisse,Fairy,Fairy,aromatisse
#304,,Aron,Steel,Rock,aron
#846,,Arrokuda,Water,Water,arrokuda
#144,,Articuno,Ice,Flying,articuno
#531,,Audino,Normal,Normal,audino
#699,,Aurorus,Rock,Ice,aurorus
#713,,Avalugg,Ice,Ice,avalugg
#610,,Axew,Dragon,Dragon,axew
#482,,Azelf,Psychic,Psychic,azelf
#184,,Azumarill,Water,Fairy,azumarill
#298,,Azurill,Normal,Fairy,azurill
#371,,Bagon,Dragon,Dragon,bagon
#343,,Baltoy,Ground,Psychic,baltoy
#354,,Banette,Ghost,Ghost,banette
#689,,Barbaracle,Rock,Water,barbaracle
#339,,Barboach,Water,Ground,barboach
#847,,Barraskewda,Water,Water,barraskewda
#902,,Basculegion,Water,Ghost,basculegion
#550,,Basculin,Water,Water,basculin
#411,,Bastiodon,Rock,Steel,bastiodon
#153,,Bayleef,Grass,Grass,bayleef
#614,,Beartic,Ice,Ice,beartic
#267,,Beautifly,Bug,Flying,beautifly
#015,,Beedrill,Bug,Poison,beedrill
#606,,Beheeyem,Psychic,Psychic,beheeyem
#374,,Beldum,Steel,Psychic,beldum
#182,,Bellossom,Grass,Grass,bellossom
#069,,Bellsprout,Grass,Poison,bellsprout
#712,,Bergmite,Ice,Ice,bergmite
#760,,Bewear,Normal,Fighting,bewear
#400,,Bibarel,Normal,Water,bibarel
#399,,Bidoof,Normal,Normal,bidoof
#688,,Binacle,Rock,Water,binacle
#625,,Bisharp,Dark,Steel,bisharp
#806,,Blacephalon,Fire,Ghost,blacephalon
#009,,Blastoise,Water,Water,blastoise
#257,,Blaziken,Fire,Fighting,blaziken
#824,,Blipbug,Bug,Bug,blipbug
#242,,Blissey,Normal,Normal,blissey
#522,,Blitzle,Electric,Electric,blitzle
#525,,Boldore,Rock,Rock,boldore
#836,,Boltund,Electric,Electric,boltund
#438,,Bonsly,Rock,Rock,bonsly
#626,,Bouffalant,Normal,Normal,bouffalant
#761,,Bounsweet,Grass,Grass,bounsweet
#654,,Braixen,Fire,Fire,braixen
#628,,Braviary,Normal,Flying,braviary
#286,,Breloom,Grass,Fighting,breloom
#729,,Brionne,Water,Water,brionne
#437,,Bronzong,Steel,Psychic,bronzong
#436,,Bronzor,Steel,Psychic,bronzor
#779,,Bruxish,Water,Psychic,bruxish
#406,,Budew,Grass,Poison,budew
#418,,Buizel,Water,Water,buizel
#001,,Bulbasaur,Grass,Poison,bulbasaur
#427,,Buneary,Normal,Normal,buneary
#659,,Bunnelby,Normal,Normal,bunnelby
#412,,Burmy,Bug,Bug,burmy
#012,,Butterfree,Bug,Flying,butterfree
#794,,Buzzwole,Bug,Fighting,buzzwole
#331,,Cacnea,Grass,Grass,cacnea
#332,,Cacturne,Grass,Dark,cacturne
#898,,Calyrex,Psychic,Grass,calyrex
#323,,Camerupt,Fire,Ground,camerupt
#703,,Carbink,Rock,Fairy,carbink
#838,,Carkol,Rock,Fire,carkol
#455,,Carnivine,Grass,Grass,carnivine
#565,,Carracosta,Water,Rock,carracosta
#318,,Carvanha,Water,Dark,carvanha
#268,,Cascoon,Bug,Bug,cascoon
#351,,Castform,Normal,Normal,castform
#010,,Caterpie,Bug,Bug,caterpie
#251,,Celebi,Psychic,Grass,celebi
#797,,Celesteela,Steel,Flying,celesteela
#851,,Centiskorch,Fire,Bug,centiskorch
#609,,Chandelure,Ghost,Fire,chandelure
#113,,Chansey,Normal,Normal,chansey
#006,,Charizard,Fire,Flying,charizard
#737,,Charjabug,Bug,Electric,charjabug
#004,,Charmander,Fire,Fire,charmander
#005,,Charmeleon,Fire,Fire,charmeleon
#441,,Chatot,Normal,Flying,chatot
#421,,Cherrim,Grass,Grass,cherrim
#420,,Cherubi,Grass,Grass,cherubi
#652,,Chesnaught,Grass,Fighting,chesnaught
#650,,Chespin,Grass,Grass,chespin
#833,,Chewtle,Water,Water,chewtle
#152,,Chikorita,Grass,Grass,chikorita
#390,,Chimchar,Fire,Fire,chimchar
#358,,Chimecho,Psychic,Psychic,chimecho
#170,,Chinchou,Water,Electric,chinchou
#433,,Chingling,Psychic,Psychic,chingling
#573,,Cinccino,Normal,Normal,cinccino
#815,,Cinderace,Fire,Fire,cinderace
#366,,Clamperl,Water,Water,clamperl
#692,,Clauncher,Water,Water,clauncher
#693,,Clawitzer,Water,Water,clawitzer
#344,,Claydol,Ground,Psychic,claydol
#036,,Clefable,Fairy,Fairy,clefable
#035,,Clefairy,Fairy,Fairy,clefairy
#173,,Cleffa,Fairy,Fairy,cleffa
#852,,Clobbopus,Fighting,Fighting,clobbopus
#091,,Cloyster,Water,Ice,cloyster
#839,,Coalossal,Rock,Fire,coalossal
#638,,Cobalion,Steel,Fighting,cobalion
#563,,Cofagrigus,Ghost,Ghost,cofagrigus
#415,,Combee,Bug,Flying,combee
#256,,Combusken,Fire,Fighting,combusken
#764,,Comfey,Fairy,Fairy,comfey
#534,,Conkeldurr,Fighting,Fighting,conkeldurr
#879,,Copperajah,Steel,Steel,copperajah
#341,,Corphish,Water,Water,corphish
#222,,Corsola,Water,Rock,corsola
#823,,Corviknight,Flying,Steel,corviknight
#822,,Corvisquire,Flying,Flying,corvisquire
#790,,Cosmoem,Psychic,Psychic,cosmoem
#789,,Cosmog,Psychic,Psychic,cosmog
#546,,Cottonee,Grass,Fairy,cottonee
#740,,Crabominable,Fighting,Ice,crabominable
#739,,Crabrawler,Fighting,Fighting,crabrawler
#346,,Cradily,Rock,Grass,cradily
#845,,Cramorant,Flying,Water,cramorant
#408,,Cranidos,Rock,Rock,cranidos
#342,,Crawdaunt,Water,Dark,crawdaunt
#488,,Cresselia,Psychic,Psychic,cresselia
#453,,Croagunk,Poison,Fighting,croagunk
#169,,Crobat,Poison,Flying,crobat
#159,,Croconaw,Water,Water,croconaw
#558,,Crustle,Bug,Rock,crustle
#615,,Cryogonal,Ice,Ice,cryogonal
#613,,Cubchoo,Ice,Ice,cubchoo
#104,,Cubone,Ground,Ground,cubone
#878,,Cufant,Steel,Steel,cufant
#864,,Cursola,Ghost,Ghost,cursola
#742,,Cutiefly,Bug,Fairy,cutiefly
#155,,Cyndaquil,Fire,Fire,cyndaquil
#491,,Darkrai,Dark,Dark,darkrai
#555,,Darmanitan,Fire,Fire,darmanitan
#723,,Dartrix,Grass,Flying,dartrix
#554,,Darumaka,Fire,Fire,darumaka
#724,,Decidueye,Grass,Ghost,decidueye
#702,,Dedenne,Electric,Fairy,dedenne
#585,,Deerling,Normal,Grass,deerling
#633,,Deino,Dark,Dragon,deino
#301,,Delcatty,Normal,Normal,delcatty
#225,,Delibird,Ice,Flying,delibird
#655,,Delphox,Fire,Psychic,delphox
#386,,Deoxys,Psychic,Psychic,deoxys
#087,,Dewgong,Water,Ice,dewgong
#502,,Dewott,Water,Water,dewott
#751,,Dewpider,Water,Bug,dewpider
#781,,Dhelmise,Ghost,Grass,dhelmise
#483,,Dialga,Steel,Dragon,dialga
#719,,Diancie,Rock,Fairy,diancie
#660,,Diggersby,Normal,Ground,diggersby
#050,,Diglett,Ground,Ground,diglett
#132,,Ditto,Normal,Normal,ditto
#085,,Dodrio,Normal,Flying,dodrio
#084,,Doduo,Normal,Flying,doduo
#232,,Donphan,Ground,Ground,donphan
#825,,Dottler,Bug,Psychic,dottler
#680,,Doublade,Steel,Ghost,doublade
#882,,Dracovish,Water,Dragon,dracovish
#880,,Dracozolt,Electric,Dragon,dracozolt
#691,,Dragalge,Poison,Dragon,dragalge
#887,,Dragapult,Dragon,Ghost,dragapult
#148,,Dragonair,Dragon,Dragon,dragonair
#149,,Dragonite,Dragon,Flying,dragonite
#886,,Drakloak,Dragon,Ghost,drakloak
#780,,Drampa,Normal,Dragon,drampa
#452,,Drapion,Poison,Dark,drapion
#147,,Dratini,Dragon,Dragon,dratini
#834,,Drednaw,Water,Rock,drednaw
#885,,Dreepy,Dragon,Ghost,dreepy
#426,,Drifblim,Ghost,Flying,drifblim
#425,,Drifloon,Ghost,Flying,drifloon
#529,,Drilbur,Ground,Ground,drilbur
#817,,Drizzile,Water,Water,drizzile
#096,,Drowzee,Psychic,Psychic,drowzee
#621,,Druddigon,Dragon,Dragon,druddigon
#832,,Dubwool,Normal,Normal,dubwool
#580,,Ducklett,Water,Flying,ducklett
#051,,Dugtrio,Ground,Ground,dugtrio
#206,,Dunsparce,Normal,Normal,dunsparce
#578,,Duosion,Psychic,Psychic,duosion
#884,,Duraludon,Steel,Dragon,duraludon
#632,,Durant,Bug,Steel,durant
#356,,Dusclops,Ghost,Ghost,dusclops
#477,,Dusknoir,Ghost,Ghost,dusknoir
#355,,Duskull,Ghost,Ghost,duskull
#269,,Dustox,Bug,Poison,dustox
#557,,Dwebble,Bug,Rock,dwebble
#603,,Eelektrik,Electric,Electric,eelektrik
#604,,Eelektross,Electric,Electric,eelektross
#133,,Eevee,Normal,Normal,eevee
#875,,Eiscue,Ice,Ice,eiscue
#023,,Ekans,Poison,Poison,ekans
#830,,Eldegoss,Grass,Grass,eldegoss
#125,,Electabuzz,Electric,Electric,electabuzz
#466,,Electivire,Electric,Electric,electivire
#309,,Electrike,Electric,Electric,electrike
#101,,Electrode,Electric,Electric,electrode
#239,,Elekid,Electric,Electric,elekid
#605,,Elgyem,Psychic,Psychic,elgyem
#500,,Emboar,Fire,Fighting,emboar
#587,,Emolga,Electric,Flying,emolga
#395,,Empoleon,Water,Steel,empoleon
#905,,Enamorus,Fairy,Flying,enamorus
#244,,Entei,Fire,Fire,entei
#589,,Escavalier,Bug,Steel,escavalier
#196,,Espeon,Psychic,Psychic,espeon
#677,,Espurr,Psychic,Psychic,espurr
#890,,Eternatus,Poison,Dragon,eternatus
#530,,Excadrill,Ground,Steel,excadrill
#102,,Exeggcute,Grass,Psychic,exeggcute
#103,,Exeggutor,Grass,Psychic,exeggutor
#295,,Exploud,Normal,Normal,exploud
#870,,Falinks,Fighting,Fighting,falinks
#083,,Farfetch'd,Normal,Flying,farfetch'd
#022,,Fearow,Normal,Flying,fearow
#349,,Feebas,Water,Water,feebas
#653,,Fennekin,Fire,Fire,fennekin
#160,,Feraligatr,Water,Water,feraligatr
#597,,Ferroseed,Grass,Steel,ferroseed
#598,,Ferrothorn,Grass,Steel,ferrothorn
#456,,Finneon,Water,Water,finneon
#180,,Flaaffy,Electric,Electric,flaaffy
#669,,Flabébé,Fairy,Fairy,flabébé
#841,,Flapple,Grass,Dragon,flapple
#136,,Flareon,Fire,Fire,flareon
#662,,Fletchinder,Fire,Flying,fletchinder
#661,,Fletchling,Normal,Flying,fletchling
#419,,Floatzel,Water,Water,floatzel
#670,,Floette,Fairy,Fairy,floette
#671,,Florges,Fairy,Fairy,florges
#330,,Flygon,Ground,Dragon,flygon
#753,,Fomantis,Grass,Grass,fomantis
#590,,Foongus,Grass,Poison,foongus
#205,,Forretress,Bug,Steel,forretress
#611,,Fraxure,Dragon,Dragon,fraxure
#592,,Frillish,Water,Ghost,frillish
#656,,Froakie,Water,Water,froakie
#657,,Frogadier,Water,Water,frogadier
#478,,Froslass,Ice,Ghost,froslass
#873,,Frosmoth,Ice,Bug,frosmoth
#???,,Fuecoco,Fire,Fire,fuecoco
#676,,Furfrou,Normal,Normal,furfrou
#162,,Furret,Normal,Normal,furret
#444,,Gabite,Dragon,Ground,gabite
#475,,Gallade,Psychic,Fighting,gallade
#596,,Galvantula,Bug,Electric,galvantula
#569,,Garbodor,Poison,Poison,garbodor
#445,,Garchomp,Dragon,Ground,garchomp
#282,,Gardevoir,Psychic,Fairy,gardevoir
#092,,Gastly,Ghost,Poison,gastly
#423,,Gastrodon,Water,Ground,gastrodon
#649,,Genesect,Bug,Steel,genesect
#094,,Gengar,Ghost,Poison,gengar
#074,,Geodude,Rock,Ground,geodude
#443,,Gible,Dragon,Ground,gible
#526,,Gigalith,Rock,Rock,gigalith
#203,,Girafarig,Normal,Psychic,girafarig
#487,,Giratina,Ghost,Dragon,giratina
#471,,Glaceon,Ice,Ice,glaceon
#362,,Glalie,Ice,Ice,glalie
#431,,Glameow,Normal,Normal,glameow
#896,,Glastrier,Ice,Ice,glastrier
#207,,Gligar,Ground,Flying,gligar
#472,,Gliscor,Ground,Flying,gliscor
#044,,Gloom,Grass,Poison,gloom
#673,,Gogoat,Grass,Grass,gogoat
#042,,Golbat,Poison,Flying,golbat
#118,,Goldeen,Water,Water,goldeen
#055,,Golduck,Water,Water,golduck
#076,,Golem,Rock,Ground,golem
#622,,Golett,Ground,Ghost,golett
#768,,Golisopod,Bug,Water,golisopod
#623,,Golurk,Ground,Ghost,golurk
#706,,Goodra,Dragon,Dragon,goodra
#704,,Goomy,Dragon,Dragon,goomy
#368,,Gorebyss,Water,Water,gorebyss
#829,,Gossifleur,Grass,Grass,gossifleur
#574,,Gothita,Psychic,Psychic,gothita
#576,,Gothitelle,Psychic,Psychic,gothitelle
#575,,Gothorita,Psychic,Psychic,gothorita
#711,,Gourgeist,Ghost,Grass,gourgeist
#210,,Granbull,Fairy,Fairy,granbull
#853,,Grapploct,Fighting,Fighting,grapploct
#075,,Graveler,Rock,Ground,graveler
#820,,Greedent,Normal,Normal,greedent
#658,,Greninja,Water,Dark,greninja
#088,,Grimer,Poison,Poison,grimer
#861,,Grimmsnarl,Dark,Fairy,grimmsnarl
#810,,Grookey,Grass,Grass,grookey
#388,,Grotle,Grass,Grass,grotle
#383,,Groudon,Ground,Ground,groudon
#253,,Grovyle,Grass,Grass,grovyle
#058,,Growlithe,Fire,Fire,growlithe
#736,,Grubbin,Bug,Bug,grubbin
#326,,Grumpig,Psychic,Psychic,grumpig
#316,,Gulpin,Poison,Poison,gulpin
#735,,Gumshoos,Normal,Normal,gumshoos
#533,,Gurdurr,Fighting,Fighting,gurdurr
#799,,Guzzlord,Dark,Dragon,guzzlord
#130,,Gyarados,Water,Flying,gyarados
#783,,Hakamo-o,Dragon,Fighting,hakamo-o
#440,,Happiny,Normal,Normal,happiny
#297,,Hariyama,Fighting,Fighting,hariyama
#856,,Hatenna,Psychic,Psychic,hatenna
#858,,Hatterene,Psychic,Fairy,hatterene
#857,,Hattrem,Psychic,Psychic,hattrem
#093,,Haunter,Ghost,Poison,haunter
#701,,Hawlucha,Fighting,Flying,hawlucha
#612,,Haxorus,Dragon,Dragon,haxorus
#631,,Heatmor,Fire,Fire,heatmor
#485,,Heatran,Fire,Steel,heatran
#695,,Heliolisk,Electric,Normal,heliolisk
#694,,Helioptile,Electric,Normal,helioptile
#214,,Heracross,Bug,Fighting,heracross
#507,,Herdier,Normal,Normal,herdier
#449,,Hippopotas,Ground,Ground,hippopotas
#450,,Hippowdon,Ground,Ground,hippowdon
#107,,Hitmonchan,Fighting,Fighting,hitmonchan
#106,,Hitmonlee,Fighting,Fighting,hitmonlee
#237,,Hitmontop,Fighting,Fighting,hitmontop
#250,,Ho-Oh,Fire,Flying,ho-oh
#430,,Honchkrow,Dark,Flying,honchkrow
#679,,Honedge,Steel,Ghost,honedge
#720,,Hoopa,Psychic,Ghost,hoopa
#163,,Hoothoot,Normal,Flying,hoothoot
#187,,Hoppip,Grass,Flying,hoppip
#116,,Horsea,Water,Water,horsea
#229,,Houndoom,Dark,Fire,houndoom
#228,,Houndour,Dark,Fire,houndour
#367,,Huntail,Water,Water,huntail
#635,,Hydreigon,Dark,Dragon,hydreigon
#097,,Hypno,Psychic,Psychic,hypno
#174,,Igglybuff,Normal,Fairy,igglybuff
#314,,Illumise,Bug,Bug,illumise
#859,,Impidimp,Dark,Fairy,impidimp
#727,,Incineroar,Fire,Dark,incineroar
#876,,Indeedee,Psychic,Normal,indeedee
#392,,Infernape,Fire,Fighting,infernape
#686,,Inkay,Dark,Psychic,inkay
#818,,Inteleon,Water,Water,inteleon
#002,,Ivysaur,Grass,Poison,ivysaur
#782,,Jangmo-o,Dragon,Dragon,jangmo-o
#593,,Jellicent,Water,Ghost,jellicent
#039,,Jigglypuff,Normal,Fairy,jigglypuff
#385,,Jirachi,Steel,Psychic,jirachi
#135,,Jolteon,Electric,Electric,jolteon
#595,,Joltik,Bug,Electric,joltik
#189,,Jumpluff,Grass,Flying,jumpluff
#124,,Jynx,Ice,Psychic,jynx
#140,,Kabuto,Rock,Water,kabuto
#141,,Kabutops,Rock,Water,kabutops
#064,,Kadabra,Psychic,Psychic,kadabra
#014,,Kakuna,Bug,Poison,kakuna
#115,,Kangaskhan,Normal,Normal,kangaskhan
#588,,Karrablast,Bug,Bug,karrablast
#798,,Kartana,Grass,Steel,kartana
#352,,Kecleon,Normal,Normal,kecleon
#647,,Keldeo,Water,Fighting,keldeo
#230,,Kingdra,Water,Dragon,kingdra
#099,,Kingler,Water,Water,kingler
#281,,Kirlia,Psychic,Fairy,kirlia
#600,,Klang,Steel,Steel,klang
#900,,Kleavor,Bug,Rock,kleavor
#707,,Klefki,Steel,Fairy,klefki
#599,,Klink,Steel,Steel,klink
#601,,Klinklang,Steel,Steel,klinklang
#109,,Koffing,Poison,Poison,koffing
#775,,Komala,Normal,Normal,komala
#784,,Kommo-o,Dragon,Fighting,kommo-o
#???,,Koraidon,???,???,koraidon
#098,,Krabby,Water,Water,krabby
#401,,Kricketot,Bug,Bug,kricketot
#402,,Kricketune,Bug,Bug,kricketune
#552,,Krokorok,Ground,Dark,krokorok
#553,,Krookodile,Ground,Dark,krookodile
#891,,Kubfu,Fighting,Fighting,kubfu
#382,,Kyogre,Water,Water,kyogre
#646,,Kyurem,Dragon,Ice,kyurem
#305,,Lairon,Steel,Rock,lairon
#608,,Lampent,Ghost,Fire,lampent
#645,,Landorus,Ground,Flying,landorus
#171,,Lanturn,Water,Electric,lanturn
#131,,Lapras,Water,Ice,lapras
#636,,Larvesta,Bug,Fire,larvesta
#246,,Larvitar,Rock,Ground,larvitar
#380,,Latias,Dragon,Psychic,latias
#381,,Latios,Dragon,Psychic,latios
#470,,Leafeon,Grass,Grass,leafeon
#542,,Leavanny,Bug,Grass,leavanny
#???,,Lechonk,Normal,Normal,lechonk
#166,,Ledian,Bug,Flying,ledian
#165,,Ledyba,Bug,Flying,ledyba
#463,,Lickilicky,Normal,Normal,lickilicky
#108,,Lickitung,Normal,Normal,lickitung
#510,,Liepard,Dark,Dark,liepard
#345,,Lileep,Rock,Grass,lileep
#549,,Lilligant,Grass,Grass,lilligant
#506,,Lillipup,Normal,Normal,lillipup
#264,,Linoone,Normal,Normal,linoone
#667,,Litleo,Fire,Normal,litleo
#725,,Litten,Fire,Fire,litten
#607,,Litwick,Ghost,Fire,litwick
#271,,Lombre,Water,Grass,lombre
#428,,Lopunny,Normal,Normal,lopunny
#270,,Lotad,Water,Grass,lotad
#294,,Loudred,Normal,Normal,loudred
#448,,Lucario,Fighting,Steel,lucario
#272,,Ludicolo,Water,Grass,ludicolo
#249,,Lugia,Psychic,Flying,lugia
#457,,Lumineon,Water,Water,lumineon
#792,,Lunala,Psychic,Ghost,lunala
#337,,Lunatone,Rock,Psychic,lunatone
#754,,Lurantis,Grass,Grass,lurantis
#370,,Luvdisc,Water,Water,luvdisc
#404,,Luxio,Electric,Electric,luxio
#405,,Luxray,Electric,Electric,luxray
#745,,Lycanroc,Rock,Rock,lycanroc
#068,,Machamp,Fighting,Fighting,machamp
#067,,Machoke,Fighting,Fighting,machoke
#066,,Machop,Fighting,Fighting,machop
#240,,Magby,Fire,Fire,magby
#219,,Magcargo,Fire,Rock,magcargo
#801,,Magearna,Steel,Fairy,magearna
#129,,Magikarp,Water,Water,magikarp
#126,,Magmar,Fire,Fire,magmar
#467,,Magmortar,Fire,Fire,magmortar
#081,,Magnemite,Electric,Steel,magnemite
#082,,Magneton,Electric,Steel,magneton
#462,,Magnezone,Electric,Steel,magnezone
#296,,Makuhita,Fighting,Fighting,makuhita
#687,,Malamar,Dark,Psychic,malamar
#473,,Mamoswine,Ice,Ground,mamoswine
#490,,Manaphy,Water,Water,manaphy
#630,,Mandibuzz,Dark,Flying,mandibuzz
#310,,Manectric,Electric,Electric,manectric
#056,,Mankey,Fighting,Fighting,mankey
#226,,Mantine,Water,Flying,mantine
#458,,Mantyke,Water,Flying,mantyke
#556,,Maractus,Grass,Grass,maractus
#747,,Mareanie,Poison,Water,mareanie
#179,,Mareep,Electric,Electric,mareep
#183,,Marill,Water,Fairy,marill
#105,,Marowak,Ground,Ground,marowak
#802,,Marshadow,Fighting,Ghost,marshadow
#259,,Marshtomp,Water,Ground,marshtomp
#284,,Masquerain,Bug,Flying,masquerain
#303,,Mawile,Steel,Fairy,mawile
#308,,Medicham,Fighting,Psychic,medicham
#307,,Meditite,Fighting,Psychic,meditite
#154,,Meganium,Grass,Grass,meganium
#809,,Melmetal,Steel,Steel,melmetal
#648,,Meloetta,Normal,Psychic,meloetta
#808,,Meltan,Steel,Steel,meltan
#678,,Meowstic,Psychic,Psychic,meowstic
#052,,Meowth,Normal,Normal,meowth
#481,,Mesprit,Psychic,Psychic,mesprit
#376,,Metagross,Steel,Psychic,metagross
#375,,Metang,Steel,Psychic,metang
#011,,Metapod,Bug,Bug,metapod
#151,,Mew,Psychic,Psychic,mew
#150,,Mewtwo,Psychic,Psychic,mewtwo
#619,,Mienfoo,Fighting,Fighting,mienfoo
#620,,Mienshao,Fighting,Fighting,mienshao
#262,,Mightyena,Dark,Dark,mightyena
#868,,Milcery,Fairy,Fairy,milcery
#350,,Milotic,Water,Water,milotic
#241,,Miltank,Normal,Normal,miltank
#439,,Mime Jr.,Psychic,Fairy,mime jr.
#778,,Mimikyu,Ghost,Fairy,mimikyu
#572,,Minccino,Normal,Normal,minccino
#774,,Minior,Rock,Flying,minior
#312,,Minun,Electric,Electric,minun
#???,,Miraidon,???,???,miraidon
#200,,Misdreavus,Ghost,Ghost,misdreavus
#429,,Mismagius,Ghost,Ghost,mismagius
#146,,Moltres,Fire,Flying,moltres
#391,,Monferno,Fire,Fighting,monferno
#755,,Morelull,Grass,Fairy,morelull
#860,,Morgrem,Dark,Fairy,morgrem
#877,,Morpeko,Electric,Dark,morpeko
#414,,Mothim,Bug,Flying,mothim
#122,,Mr. Mime,Psychic,Fairy,mr. mime
#866,,Mr. Rime,Ice,Psychic,mr. rime
#749,,Mudbray,Ground,Ground,mudbray
#258,,Mudkip,Water,Water,mudkip
#750,,Mudsdale,Ground,Ground,mudsdale
#089,,Muk,Poison,Poison,muk
#446,,Munchlax,Normal,Normal,munchlax
#517,,Munna,Psychic,Psychic,munna
#198,,Murkrow,Dark,Flying,murkrow
#518,,Musharna,Psychic,Psychic,musharna
#804,,Naganadel,Poison,Dragon,naganadel
#177,,Natu,Psychic,Flying,natu
#800,,Necrozma,Psychic,Psychic,necrozma
#827,,Nickit,Dark,Dark,nickit
#034,,Nidoking,Poison,Ground,nidoking
#031,,Nidoqueen,Poison,Ground,nidoqueen
#029,,Nidoran♀,Poison,Poison,nidoran♀
#032,,Nidoran♂,Poison,Poison,nidoran♂
#030,,Nidorina,Poison,Poison,nidorina
#033,,Nidorino,Poison,Poison,nidorino
#793,,Nihilego,Rock,Poison,nihilego
#290,,Nincada,Bug,Ground,nincada
#038,,Ninetales,Fire,Fire,ninetales
#291,,Ninjask,Bug,Flying,ninjask
#164,,Noctowl,Normal,Flying,noctowl
#714,,Noibat,Flying,Dragon,noibat
#715,,Noivern,Flying,Dragon,noivern
#299,,Nosepass,Rock,Rock,nosepass
#322,,Numel,Fire,Ground,numel
#274,,Nuzleaf,Grass,Dark,nuzleaf
#862,,Obstagoon,Dark,Normal,obstagoon
#224,,Octillery,Water,Water,octillery
#043,,Oddish,Grass,Poison,oddish
#138,,Omanyte,Rock,Water,omanyte
#139,,Omastar,Rock,Water,omastar
#095,,Onix,Rock,Ground,onix
#765,,Oranguru,Normal,Psychic,oranguru
#826,,Orbeetle,Bug,Psychic,orbeetle
#741,,Oricorio,Fire,Flying,oricorio
#501,,Oshawott,Water,Water,oshawott
#904,,Overqwil,Dark,Poison,overqwil
#417,,Pachirisu,Electric,Electric,pachirisu
#484,,Palkia,Water,Dragon,palkia
#770,,Palossand,Ghost,Ground,palossand
#536,,Palpitoad,Water,Ground,palpitoad
#674,,Pancham,Fighting,Fighting,pancham
#675,,Pangoro,Fighting,Dark,pangoro
#515,,Panpour,Water,Water,panpour
#511,,Pansage,Grass,Grass,pansage
#513,,Pansear,Fire,Fire,pansear
#046,,Paras,Bug,Grass,paras
#047,,Parasect,Bug,Grass,parasect
#766,,Passimian,Fighting,Fighting,passimian
#504,,Patrat,Normal,Normal,patrat
#???,,Pawmi,Electric,Electric,pawmi
#624,,Pawniard,Dark,Steel,pawniard
#279,,Pelipper,Water,Flying,pelipper
#863,,Perrserker,Steel,Steel,perrserker
#053,,Persian,Normal,Normal,persian
#548,,Petilil,Grass,Grass,petilil
#231,,Phanpy,Ground,Ground,phanpy
#708,,Phantump,Ghost,Grass,phantump
#795,,Pheromosa,Bug,Fighting,pheromosa
#489,,Phione,Water,Water,phione
#172,,Pichu,Electric,Electric,pichu
#018,,Pidgeot,Normal,Flying,pidgeot
#017,,Pidgeotto,Normal,Flying,pidgeotto
#016,,Pidgey,Normal,Flying,pidgey
#519,,Pidove,Normal,Flying,pidove
#499,,Pignite,Fire,Fighting,pignite
#025,,Pikachu,Electric,Electric,pikachu
#731,,Pikipek,Normal,Flying,pikipek
#221,,Piloswine,Ice,Ground,piloswine
#871,,Pincurchin,Electric,Electric,pincurchin
#204,,Pineco,Bug,Bug,pineco
#127,,Pinsir,Bug,Bug,pinsir
#393,,Piplup,Water,Water,piplup
#311,,Plusle,Electric,Electric,plusle
#803,,Poipole,Poison,Poison,poipole
#186,,Politoed,Water,Water,politoed
#060,,Poliwag,Water,Water,poliwag
#061,,Poliwhirl,Water,Water,poliwhirl
#062,,Poliwrath,Water,Fighting,poliwrath
#855,,Polteageist,Ghost,Ghost,polteageist
#077,,Ponyta,Fire,Fire,ponyta
#261,,Poochyena,Dark,Dark,poochyena
#728,,Popplio,Water,Water,popplio
#137,,Porygon,Normal,Normal,porygon
#474,,Porygon-Z,Normal,Normal,porygon-z
#233,,Porygon2,Normal,Normal,porygon2
#730,,Primarina,Water,Fairy,primarina
#057,,Primeape,Fighting,Fighting,primeape
#394,,Prinplup,Water,Water,prinplup
#476,,Probopass,Rock,Steel,probopass
#054,,Psyduck,Water,Water,psyduck
#710,,Pumpkaboo,Ghost,Grass,pumpkaboo
#247,,Pupitar,Rock,Ground,pupitar
#509,,Purrloin,Dark,Dark,purrloin
#432,,Purugly,Normal,Normal,purugly
#668,,Pyroar,Fire,Normal,pyroar
#771,,Pyukumuku,Water,Water,pyukumuku
#195,,Quagsire,Water,Ground,quagsire
#???,,Quaxly,Water,Water,quaxly
#156,,Quilava,Fire,Fire,quilava
#651,,Quilladin,Grass,Grass,quilladin
#211,,Qwilfish,Water,Poison,qwilfish
#814,,Raboot,Fire,Fire,raboot
#026,,Raichu,Electric,Electric,raichu
#243,,Raikou,Electric,Electric,raikou
#280,,Ralts,Psychic,Fairy,ralts
#409,,Rampardos,Rock,Rock,rampardos
#078,,Rapidash,Fire,Fire,rapidash
#020,,Raticate,Normal,Normal,raticate
#019,,Rattata,Normal,Normal,rattata
#384,,Rayquaza,Dragon,Flying,rayquaza
#378,,Regice,Ice,Ice,regice
#895,,Regidrago,Dragon,Dragon,regidrago
#894,,Regieleki,Electric,Electric,regieleki
#486,,Regigigas,Normal,Normal,regigigas
#377,,Regirock,Rock,Rock,regirock
#379,,Registeel,Steel,Steel,registeel
#369,,Relicanth,Water,Rock,relicanth
#223,,Remoraid,Water,Water,remoraid
#643,,Reshiram,Dragon,Fire,reshiram
#579,,Reuniclus,Psychic,Psychic,reuniclus
#112,,Rhydon,Ground,Rock,rhydon
#111,,Rhyhorn,Ground,Rock,rhyhorn
#464,,Rhyperior,Ground,Rock,rhyperior
#743,,Ribombee,Bug,Fairy,ribombee
#812,,Rillaboom,Grass,Grass,rillaboom
#447,,Riolu,Fighting,Fighting,riolu
#744,,Rockruff,Rock,Rock,rockruff
#524,,Roggenrola,Rock,Rock,roggenrola
#837,,Rolycoly,Rock,Rock,rolycoly
#821,,Rookidee,Flying,Flying,rookidee
#315,,Roselia,Grass,Poison,roselia
#407,,Roserade,Grass,Poison,roserade
#479,,Rotom,Electric,Ghost,rotom
#722,,Rowlet,Grass,Flying,rowlet
#627,,Rufflet,Normal,Flying,rufflet
#867,,Runerigus,Ground,Ghost,runerigus
#302,,Sableye,Dark,Ghost,sableye
#373,,Salamence,Dragon,Flying,salamence
#757,,Salandit,Poison,Fire,salandit
#758,,Salazzle,Poison,Fire,salazzle
#503,,Samurott,Water,Water,samurott
#844,,Sandaconda,Ground,Ground,sandaconda
#551,,Sandile,Ground,Dark,sandile
#027,,Sandshrew,Ground,Ground,sandshrew
#028,,Sandslash,Ground,Ground,sandslash
#769,,Sandygast,Ghost,Ground,sandygast
#539,,Sawk,Fighting,Fighting,sawk
#586,,Sawsbuck,Normal,Grass,sawsbuck
#664,,Scatterbug,Bug,Bug,scatterbug
#254,,Sceptile,Grass,Grass,sceptile
#212,,Scizor,Bug,Steel,scizor
#545,,Scolipede,Bug,Poison,scolipede
#813,,Scorbunny,Fire,Fire,scorbunny
#560,,Scrafty,Dark,Fighting,scrafty
#559,,Scraggy,Dark,Fighting,scraggy
#123,,Scyther,Bug,Flying,scyther
#117,,Seadra,Water,Water,seadra
#119,,Seaking,Water,Water,seaking
#364,,Sealeo,Ice,Water,sealeo
#273,,Seedot,Grass,Grass,seedot
#086,,Seel,Water,Water,seel
#537,,Seismitoad,Water,Ground,seismitoad
#161,,Sentret,Normal,Normal,sentret
#497,,Serperior,Grass,Grass,serperior
#496,,Servine,Grass,Grass,servine
#336,,Seviper,Poison,Poison,seviper
#540,,Sewaddle,Bug,Grass,sewaddle
#319,,Sharpedo,Water,Dark,sharpedo
#492,,Shaymin,Grass,Grass,shaymin
#292,,Shedinja,Bug,Ghost,shedinja
#372,,Shelgon,Dragon,Dragon,shelgon
#090,,Shellder,Water,Water,shellder
#422,,Shellos,Water,Water,shellos
#616,,Shelmet,Bug,Bug,shelmet
#410,,Shieldon,Rock,Steel,shieldon
#275,,Shiftry,Grass,Dark,shiftry
#756,,Shiinotic,Grass,Fairy,shiinotic
#403,,Shinx,Electric,Electric,shinx
#285,,Shroomish,Grass,Grass,shroomish
#213,,Shuckle,Bug,Rock,shuckle
#353,,Shuppet,Ghost,Ghost,shuppet
#561,,Sigilyph,Psychic,Flying,sigilyph
#266,,Silcoon,Bug,Bug,silcoon
#843,,Silicobra,Ground,Ground,silicobra
#773,,Silvally,Normal,Normal,silvally
#516,,Simipour,Water,Water,simipour
#512,,Simisage,Grass,Grass,simisage
#514,,Simisear,Fire,Fire,simisear
#854,,Sinistea,Ghost,Ghost,sinistea
#865,,Sirfetch'd,Fighting,Fighting,sirfetch'd
#850,,Sizzlipede,Fire,Bug,sizzlipede
#227,,Skarmory,Steel,Flying,skarmory
#672,,Skiddo,Grass,Grass,skiddo
#188,,Skiploom,Grass,Flying,skiploom
#300,,Skitty,Normal,Normal,skitty
#451,,Skorupi,Poison,Bug,skorupi
#690,,Skrelp,Poison,Water,skrelp
#435,,Skuntank,Poison,Dark,skuntank
#819,,Skwovet,Normal,Normal,skwovet
#289,,Slaking,Normal,Normal,slaking
#287,,Slakoth,Normal,Normal,slakoth
#705,,Sliggoo,Dragon,Dragon,sliggoo
#080,,Slowbro,Water,Psychic,slowbro
#199,,Slowking,Water,Psychic,slowking
#079,,Slowpoke,Water,Psychic,slowpoke
#218,,Slugma,Fire,Fire,slugma
#685,,Slurpuff,Fairy,Fairy,slurpuff
#235,,Smeargle,Normal,Normal,smeargle
#???,,Smoliv,Grass,Normal,smoliv
#238,,Smoochum,Ice,Psychic,smoochum
#215,,Sneasel,Dark,Ice,sneasel
#903,,Sneasler,Fighting,Poison,sneasler
#495,,Snivy,Grass,Grass,snivy
#872,,Snom,Ice,Bug,snom
#143,,Snorlax,Normal,Normal,snorlax
#361,,Snorunt,Ice,Ice,snorunt
#459,,Snover,Grass,Ice,snover
#209,,Snubbull,Fairy,Fairy,snubbull
#816,,Sobble,Water,Water,sobble
#791,,Solgaleo,Psychic,Steel,solgaleo
#577,,Solosis,Psychic,Psychic,solosis
#338,,Solrock,Rock,Psychic,solrock
#021,,Spearow,Normal,Flying,spearow
#897,,Spectrier,Ghost,Ghost,spectrier
#665,,Spewpa,Bug,Bug,spewpa
#363,,Spheal,Ice,Water,spheal
#167,,Spinarak,Bug,Poison,spinarak
#327,,Spinda,Normal,Normal,spinda
#442,,Spiritomb,Ghost,Dark,spiritomb
#325,,Spoink,Psychic,Psychic,spoink
#???,,Sprigatito,Grass,Grass,sprigatito
#682,,Spritzee,Fairy,Fairy,spritzee
#007,,Squirtle,Water,Water,squirtle
#805,,Stakataka,Rock,Steel,stakataka
#234,,Stantler,Normal,Normal,stantler
#398,,Staraptor,Normal,Flying,staraptor
#397,,Staravia,Normal,Flying,staravia
#396,,Starly,Normal,Flying,starly
#121,,Starmie,Water,Psychic,starmie
#120,,Staryu,Water,Water,staryu
#208,,Steelix,Steel,Ground,steelix
#762,,Steenee,Grass,Grass,steenee
#874,,Stonjourner,Rock,Rock,stonjourner
#508,,Stoutland,Normal,Normal,stoutland
#759,,Stufful,Normal,Fighting,stufful
#618,,Stunfisk,Ground,Electric,stunfisk
#434,,Stunky,Poison,Dark,stunky
#185,,Sudowoodo,Rock,Rock,sudowoodo
#245,,Suicune,Water,Water,suicune
#192,,Sunflora,Grass,Grass,sunflora
#191,,Sunkern,Grass,Grass,sunkern
#283,,Surskit,Bug,Water,surskit
#333,,Swablu,Normal,Flying,swablu
#541,,Swadloon,Bug,Grass,swadloon
#317,,Swalot,Poison,Poison,swalot
#260,,Swampert,Water,Ground,swampert
#581,,Swanna,Water,Flying,swanna
#277,,Swellow,Normal,Flying,swellow
#220,,Swinub,Ice,Ground,swinub
#684,,Swirlix,Fairy,Fairy,swirlix
#528,,Swoobat,Psychic,Flying,swoobat
#700,,Sylveon,Fairy,Fairy,sylveon
#276,,Taillow,Normal,Flying,taillow
#663,,Talonflame,Fire,Flying,talonflame
#114,,Tangela,Grass,Grass,tangela
#465,,Tangrowth,Grass,Grass,tangrowth
#787,,Tapu Bulu,Grass,Fairy,tapu bulu
#788,,Tapu Fini,Water,Fairy,tapu fini
#785,,Tapu Koko,Electric,Fairy,tapu koko
#786,,Tapu Lele,Psychic,Fairy,tapu lele
#128,,Tauros,Normal,Normal,tauros
#216,,Teddiursa,Normal,Normal,teddiursa
#072,,Tentacool,Water,Poison,tentacool
#073,,Tentacruel,Water,Poison,tentacruel
#498,,Tepig,Fire,Fire,tepig
#639,,Terrakion,Rock,Fighting,terrakion
#828,,Thievul,Dark,Dark,thievul
#538,,Throh,Fighting,Fighting,throh
#642,,Thundurus,Electric,Flying,thundurus
#811,,Thwackey,Grass,Grass,thwackey
#532,,Timburr,Fighting,Fighting,timburr
#564,,Tirtouga,Water,Rock,tirtouga
#777,,Togedemaru,Electric,Steel,togedemaru
#468,,Togekiss,Fairy,Flying,togekiss
#175,,Togepi,Fairy,Fairy,togepi
#176,,Togetic,Fairy,Flying,togetic
#255,,Torchic,Fire,Fire,torchic
#324,,Torkoal,Fire,Fire,torkoal
#641,,Tornadus,Flying,Flying,tornadus
#726,,Torracat,Fire,Fire,torracat
#389,,Torterra,Grass,Ground,torterra
#158,,Totodile,Water,Water,totodile
#733,,Toucannon,Normal,Flying,toucannon
#748,,Toxapex,Poison,Water,toxapex
#848,,Toxel,Electric,Poison,toxel
#454,,Toxicroak,Poison,Fighting,toxicroak
#849,,Toxtricity,Electric,Poison,toxtricity
#520,,Tranquill,Normal,Flying,tranquill
#328,,Trapinch,Ground,Ground,trapinch
#252,,Treecko,Grass,Grass,treecko
#709,,Trevenant,Ghost,Grass,trevenant
#357,,Tropius,Grass,Flying,tropius
#568,,Trubbish,Poison,Poison,trubbish
#732,,Trumbeak,Normal,Flying,trumbeak
#763,,Tsareena,Grass,Grass,tsareena
#776,,Turtonator,Fire,Dragon,turtonator
#387,,Turtwig,Grass,Grass,turtwig
#535,,Tympole,Water,Water,tympole
#602,,Tynamo,Electric,Electric,tynamo
#772,,Type: Null,Normal,Normal,type: null
#157,,Typhlosion,Fire,Fire,typhlosion
#248,,Tyranitar,Rock,Dark,tyranitar
#697,,Tyrantrum,Rock,Dragon,tyrantrum
#236,,Tyrogue,Fighting,Fighting,tyrogue
#696,,Tyrunt,Rock,Dragon,tyrunt
#197,,Umbreon,Dark,Dark,umbreon
#521,,Unfezant,Normal,Flying,unfezant
#201,,Unown,Psychic,Psychic,unown
#901,,Ursaluna,Ground,Normal,ursaluna
#217,,Ursaring,Normal,Normal,ursaring
#892,,Urshifu,Fighting,Dark,urshifu
#480,,Uxie,Psychic,Psychic,uxie
#583,,Vanillish,Ice,Ice,vanillish
#582,,Vanillite,Ice,Ice,vanillite
#584,,Vanilluxe,Ice,Ice,vanilluxe
#134,,Vaporeon,Water,Water,vaporeon
#543,,Venipede,Bug,Poison,venipede
#049,,Venomoth,Bug,Poison,venomoth
#048,,Venonat,Bug,Poison,venonat
#003,,Venusaur,Grass,Poison,venusaur
#416,,Vespiquen,Bug,Flying,vespiquen
#329,,Vibrava,Ground,Dragon,vibrava
#494,,Victini,Psychic,Fire,victini
#071,,Victreebel,Grass,Poison,victreebel
#288,,Vigoroth,Normal,Normal,vigoroth
#738,,Vikavolt,Bug,Electric,vikavolt
#045,,Vileplume,Grass,Poison,vileplume
#640,,Virizion,Grass,Fighting,virizion
#666,,Vivillon,Bug,Flying,vivillon
#313,,Volbeat,Bug,Bug,volbeat
#721,,Volcanion,Fire,Water,volcanion
#637,,Volcarona,Bug,Fire,volcarona
#100,,Voltorb,Electric,Electric,voltorb
#629,,Vullaby,Dark,Flying,vullaby
#037,,Vulpix,Fire,Fire,vulpix
#320,,Wailmer,Water,Water,wailmer
#321,,Wailord,Water,Water,wailord
#365,,Walrein,Ice,Water,walrein
#008,,Wartortle,Water,Water,wartortle
#505,,Watchog,Normal,Normal,watchog
#461,,Weavile,Dark,Ice,weavile
#013,,Weedle,Bug,Poison,weedle
#070,,Weepinbell,Grass,Poison,weepinbell
#110,,Weezing,Poison,Poison,weezing
#547,,Whimsicott,Grass,Fairy,whimsicott
#544,,Whirlipede,Bug,Poison,whirlipede
#340,,Whiscash,Water,Ground,whiscash
#293,,Whismur,Normal,Normal,whismur
#040,,Wigglytuff,Normal,Fairy,wigglytuff
#767,,Wimpod,Bug,Water,wimpod
#278,,Wingull,Water,Flying,wingull
#746,,Wishiwashi,Water,Water,wishiwashi
#202,,Wobbuffet,Psychic,Psychic,wobbuffet
#527,,Woobat,Psychic,Flying,woobat
#831,,Wooloo,Normal,Normal,wooloo
#194,,Wooper,Water,Ground,wooper
#413,,Wormadam,Bug,Grass,wormadam
#265,,Wurmple,Bug,Bug,wurmple
#360,,Wynaut,Psychic,Psychic,wynaut
#899,,Wyrdeer,Normal,Psychic,wyrdeer
#178,,Xatu,Psychic,Flying,xatu
#716,,Xerneas,Fairy,Fairy,xerneas
#796,,Xurkitree,Electric,Electric,xurkitree
#562,,Yamask,Ghost,Ghost,yamask
#835,,Yamper,Electric,Electric,yamper
#193,,Yanma,Bug,Flying,yanma
#469,,Yanmega,Bug,Flying,yanmega
#734,,Yungoos,Normal,Normal,yungoos
#717,,Yveltal,Dark,Flying,yveltal
#888,,Zacian,Fairy,Fairy,zacian
#889,,Zamazenta,Fighting,Fighting,zamazenta
#335,,Zangoose,Normal,Normal,zangoose
#145,,Zapdos,Electric,Flying,zapdos
#893,,Zarude,Dark,Grass,zarude
#523,,Zebstrika,Electric,Electric,zebstrika
#644,,Zekrom,Dragon,Electric,zekrom
#807,,Zeraora,Electric,Electric,zeraora
#263,,Zigzagoon,Normal,Normal,zigzagoon
#571,,Zoroark,Dark,Dark,zoroark
#570,,Zorua,Dark,Dark,zorua
#041,,Zubat,Poison,Flying,zubat
#634,,Zweilous,Dark,Dragon,zweilous
#718,,Zygarde,Dragon,Ground,zygarde
